<?xml version = '1.0' encoding = 'UTF-8'?>
<Table class="oracle.dbtools.crest.model.design.relational.Table" directorySegmentName="seg_0" id="4694E562-36B3-FFA3-A691-C59A9421957E" name="T_PLANTACAO_CULTURA">
<createdBy>Admin</createdBy>
<createdTime>2025-04-22 19:56:46 UTC</createdTime>
<generatorID>4DA4E259-6ED3-A5C4-69CB-C7A9DC50A062</generatorID>
<ownerDesignName>DER</ownerDesignName>
<allowColumnReorder>false</allowColumnReorder>
<existDependencyGenerateInDDl>true</existDependencyGenerateInDDl>
<parsed>true</parsed>
<columns itemClass="oracle.dbtools.crest.model.design.relational.Column">
<Column name="ID_PLATACAO_CULTURA" id="0639107B-DC84-05B7-D9EC-0D3C2DBF499D">
<createdBy>Admin</createdBy>
<createdTime>2025-04-22 19:56:46 UTC</createdTime>
<generatorID>35D66DEB-1C40-189A-73C2-5CD5A4C64E17</generatorID>
<ownerDesignName>DER</ownerDesignName>
<useDomainConstraints>false</useDomainConstraints>
<use>1</use>
<logicalDatatype>LOGDT011</logicalDatatype>
<ownDataTypeParameters>,,</ownDataTypeParameters>
<autoIncrementCycle>false</autoIncrementCycle>
</Column>
<Column name="DATA_INICIO" id="40066934-3010-D34F-BC3E-705B6FFC61EA">
<createdBy>Admin</createdBy>
<createdTime>2025-04-22 19:56:46 UTC</createdTime>
<generatorID>E8B665D4-AE18-5505-D607-093B06503DC6</generatorID>
<ownerDesignName>DER</ownerDesignName>
<useDomainConstraints>false</useDomainConstraints>
<use>1</use>
<logicalDatatype>91229484-D19C-D458-8647-333C7FFE7B60</logicalDatatype>
<ownDataTypeParameters>,,</ownDataTypeParameters>
<autoIncrementCycle>false</autoIncrementCycle>
</Column>
<Column name="DATA_FIM" id="290EF2BA-C897-B3B7-AECE-02FAE68D3A8F">
<createdBy>Admin</createdBy>
<createdTime>2025-04-22 19:56:46 UTC</createdTime>
<generatorID>0E9295DF-F3CC-E2A3-96BD-EA7338A9CCF8</generatorID>
<ownerDesignName>DER</ownerDesignName>
<useDomainConstraints>false</useDomainConstraints>
<use>1</use>
<logicalDatatype>91229484-D19C-D458-8647-333C7FFE7B60</logicalDatatype>
<ownDataTypeParameters>,,</ownDataTypeParameters>
<autoIncrementCycle>false</autoIncrementCycle>
</Column>
</columns>
<indexes itemClass="oracle.dbtools.crest.model.design.relational.Index">
<ind_PK_UK id="20990177-5360-980A-35A8-058EEBC08A63" name="T_PLANTACAO_CULTURA_PK">
<createdBy>Admin</createdBy>
<createdTime>2025-04-22 19:56:46 UTC</createdTime>
<generatorID>77EA1DC5-2D53-1D68-B81D-261D1DDB0EFE</generatorID>
<ownerDesignName>DER</ownerDesignName>
<pk>true</pk>
<indexState>Primary Constraint</indexState>
<isSurrogateKey>false</isSurrogateKey>
<indexColumnUsage>
<colUsage columnID="0639107B-DC84-05B7-D9EC-0D3C2DBF499D"/>
</indexColumnUsage>
</ind_PK_UK>
</indexes>
</Table>