<?xml version = '1.0' encoding = 'UTF-8'?>
<Table class="oracle.dbtools.crest.model.design.relational.Table" directorySegmentName="seg_0" id="6A08F751-6871-207B-0CAB-03163A315B80" name="T_LEITURA_SENSOR">
<createdBy>Admin</createdBy>
<createdTime>2025-04-22 19:56:46 UTC</createdTime>
<generatorID>07FDEA01-568B-D4A9-A508-BFD61D427C34</generatorID>
<ownerDesignName>DER</ownerDesignName>
<allowColumnReorder>false</allowColumnReorder>
<existDependencyGenerateInDDl>true</existDependencyGenerateInDDl>
<parsed>true</parsed>
<columns itemClass="oracle.dbtools.crest.model.design.relational.Column">
<Column name="ID_LEITURA" id="9891CC0F-36E3-C66D-C3BA-7E1221E3C96B">
<createdBy>Admin</createdBy>
<createdTime>2025-04-22 19:56:46 UTC</createdTime>
<generatorID>EF3E6D6A-6068-FD84-F195-83EEA6FC60A2</generatorID>
<ownerDesignName>DER</ownerDesignName>
<useDomainConstraints>false</useDomainConstraints>
<use>1</use>
<logicalDatatype>LOGDT011</logicalDatatype>
<ownDataTypeParameters>,,</ownDataTypeParameters>
<autoIncrementCycle>false</autoIncrementCycle>
</Column>
<Column name="DATA_HORA" id="C08DD566-5C20-3362-8721-689E1EC2EDB5">
<createdBy>Admin</createdBy>
<createdTime>2025-04-22 19:56:46 UTC</createdTime>
<generatorID>AE1B698D-6143-7573-D312-6FE5E41CB39E</generatorID>
<ownerDesignName>DER</ownerDesignName>
<useDomainConstraints>false</useDomainConstraints>
<use>1</use>
<logicalDatatype>91229484-D19C-D458-8647-333C7FFE7B60</logicalDatatype>
<ownDataTypeParameters>,,</ownDataTypeParameters>
<autoIncrementCycle>false</autoIncrementCycle>
</Column>
<Column name="VALOR" id="31359C07-B19D-C18C-9187-CE717178D65C">
<createdBy>Admin</createdBy>
<createdTime>2025-04-22 19:56:46 UTC</createdTime>
<generatorID>E6B133AE-ED86-A5F7-2042-3C583D70492F</generatorID>
<ownerDesignName>DER</ownerDesignName>
<useDomainConstraints>false</useDomainConstraints>
<use>1</use>
<logicalDatatype>LOGDT024</logicalDatatype>
<dataTypeSize>30</dataTypeSize>
<ownDataTypeParameters>30,,</ownDataTypeParameters>
<autoIncrementCycle>false</autoIncrementCycle>
</Column>
<Column name="TIPO_NUTRIENTE" id="732A709B-2F9D-299B-3879-360D253313CA">
<createdBy>Admin</createdBy>
<createdTime>2025-04-22 19:56:46 UTC</createdTime>
<generatorID>911FC450-8C1D-D589-0CAF-E1048C48B70F</generatorID>
<ownerDesignName>DER</ownerDesignName>
<nullsAllowed>true</nullsAllowed>
<useDomainConstraints>false</useDomainConstraints>
<use>1</use>
<logicalDatatype>LOGDT024</logicalDatatype>
<dataTypeSize>30</dataTypeSize>
<ownDataTypeParameters>30,,</ownDataTypeParameters>
<autoIncrementCycle>false</autoIncrementCycle>
</Column>
<Column name="T_SENSOR_ID_SENSOR" id="AD6ED2FB-FF60-8E61-285D-FD7AB104736B">
<createdBy>Admin</createdBy>
<createdTime>2025-04-22 19:56:46 UTC</createdTime>
<generatorID>0C63A08A-4680-0C07-533E-6BA232AC2F6F</generatorID>
<ownerDesignName>DER</ownerDesignName>
<useDomainConstraints>false</useDomainConstraints>
<use>1</use>
<logicalDatatype>LOGDT011</logicalDatatype>
<ownDataTypeParameters>,,</ownDataTypeParameters>
<previousColumn>false</previousColumn>
<autoIncrementCycle>false</autoIncrementCycle>
<associations>
<colAssociation fkAssociation="90FC1710-8D88-89CD-3ACE-9EDDD139F188" referredColumn="853BD419-E6FE-E596-EABD-4BF141C68730"/>
</associations>
</Column>
</columns>
<indexes itemClass="oracle.dbtools.crest.model.design.relational.Index">
<ind_PK_UK id="BE9F2928-8119-082F-363F-DCD24A584DA7" name="T_LEITURA_SENSOR_PK">
<createdBy>Admin</createdBy>
<createdTime>2025-04-22 19:56:46 UTC</createdTime>
<generatorID>1D75C2F1-B5B9-6515-F7DD-AFC3C282647E</generatorID>
<ownerDesignName>DER</ownerDesignName>
<pk>true</pk>
<indexState>Primary Constraint</indexState>
<isSurrogateKey>false</isSurrogateKey>
<indexColumnUsage>
<colUsage columnID="9891CC0F-36E3-C66D-C3BA-7E1221E3C96B"/>
</indexColumnUsage>
</ind_PK_UK>
<ind_PK_UK id="3571C7F0-B819-1A1C-98DD-EE49AC849B04" name="T_LEITURA_SENSOR_T_SENSOR_FK">
<createdBy>Admin</createdBy>
<createdTime>2025-04-22 19:56:46 UTC</createdTime>
<generatorID>AD822D0B-007F-104F-F41D-AE16C5655DFB</generatorID>
<ownerDesignName>DER</ownerDesignName>
<indexState>Foreign Key</indexState>
<isSurrogateKey>false</isSurrogateKey>
<indexColumnUsage>
<colUsage columnID="AD6ED2FB-FF60-8E61-285D-FD7AB104736B"/>
</indexColumnUsage>
</ind_PK_UK>
</indexes>
</Table>