<?xml version = '1.0' encoding = 'UTF-8'?>
<Table class="oracle.dbtools.crest.model.design.relational.Table" directorySegmentName="seg_0" id="7295B280-4044-2466-FB78-B9FCAE58344D" name="T_APLICACAO_AGUA">
<createdBy>Admin</createdBy>
<createdTime>2025-04-22 19:56:46 UTC</createdTime>
<generatorID>583D09DF-F9D0-ED32-68C8-C881AF51385C</generatorID>
<ownerDesignName>DER</ownerDesignName>
<allowColumnReorder>false</allowColumnReorder>
<existDependencyGenerateInDDl>true</existDependencyGenerateInDDl>
<parsed>true</parsed>
<columns itemClass="oracle.dbtools.crest.model.design.relational.Column">
<Column name="ID_APLICACAO_AGUA" id="30401C4B-3831-C1AA-F85D-AA285F148714">
<createdBy>Admin</createdBy>
<createdTime>2025-04-22 19:56:46 UTC</createdTime>
<generatorID>CB57E66F-65F2-3AAA-3165-0DB45681D734</generatorID>
<ownerDesignName>DER</ownerDesignName>
<useDomainConstraints>false</useDomainConstraints>
<use>1</use>
<logicalDatatype>LOGDT011</logicalDatatype>
<ownDataTypeParameters>,,</ownDataTypeParameters>
<autoIncrementCycle>false</autoIncrementCycle>
</Column>
<Column name="DATA_HORA" id="AE979338-390B-B0B4-DE9A-11213320DDA0">
<createdBy>Admin</createdBy>
<createdTime>2025-04-22 19:56:46 UTC</createdTime>
<generatorID>D98E0163-D36D-2AF4-86CF-46E3BA1D05AA</generatorID>
<ownerDesignName>DER</ownerDesignName>
<useDomainConstraints>false</useDomainConstraints>
<use>1</use>
<logicalDatatype>91229484-D19C-D458-8647-333C7FFE7B60</logicalDatatype>
<ownDataTypeParameters>,,</ownDataTypeParameters>
<autoIncrementCycle>false</autoIncrementCycle>
</Column>
<Column name="QUANTIDADE_LITROS" id="F2812B65-B25B-86A6-60F7-C1F80385F0C7">
<createdBy>Admin</createdBy>
<createdTime>2025-04-22 19:56:46 UTC</createdTime>
<generatorID>672B6458-7438-1160-AE87-110A892BEAC3</generatorID>
<ownerDesignName>DER</ownerDesignName>
<useDomainConstraints>false</useDomainConstraints>
<use>1</use>
<logicalDatatype>LOGDT019</logicalDatatype>
<ownDataTypeParameters>,,</ownDataTypeParameters>
<autoIncrementCycle>false</autoIncrementCycle>
</Column>
<Column name="T_PLANTACAO_ID_PLANTACAO" id="E63D8049-F8E4-E0EA-8544-E81B6A4961D4">
<createdBy>Admin</createdBy>
<createdTime>2025-04-22 19:56:46 UTC</createdTime>
<generatorID>8F489B99-EE4B-AB93-CDA7-884769A18A47</generatorID>
<ownerDesignName>DER</ownerDesignName>
<useDomainConstraints>false</useDomainConstraints>
<use>1</use>
<logicalDatatype>LOGDT011</logicalDatatype>
<ownDataTypeParameters>,,</ownDataTypeParameters>
<previousColumn>false</previousColumn>
<autoIncrementCycle>false</autoIncrementCycle>
<associations>
<colAssociation fkAssociation="D47BF579-961F-4346-630C-111D7358E3FC" referredColumn="F4C101B4-4F72-D112-A976-60D01A5959AD"/>
</associations>
</Column>
</columns>
<indexes itemClass="oracle.dbtools.crest.model.design.relational.Index">
<ind_PK_UK id="22222531-AAED-549D-D1CA-137FBBABDD90" name="T_APLICACAO_AGUA_PK">
<createdBy>Admin</createdBy>
<createdTime>2025-04-22 19:56:46 UTC</createdTime>
<generatorID>77B8839A-8F6D-AE2C-EFCB-0A78F1A4A849</generatorID>
<ownerDesignName>DER</ownerDesignName>
<pk>true</pk>
<indexState>Primary Constraint</indexState>
<isSurrogateKey>false</isSurrogateKey>
<indexColumnUsage>
<colUsage columnID="30401C4B-3831-C1AA-F85D-AA285F148714"/>
</indexColumnUsage>
</ind_PK_UK>
<ind_PK_UK id="58367A4E-5C11-E858-FBD9-820B3DA8E0A3" name="T_APLICACAO_AGUA_T_PLANTACAO_FK">
<createdBy>Admin</createdBy>
<createdTime>2025-04-22 19:56:46 UTC</createdTime>
<generatorID>464B13A6-EB61-A337-FE60-9AC10529B6FB</generatorID>
<ownerDesignName>DER</ownerDesignName>
<indexState>Foreign Key</indexState>
<isSurrogateKey>false</isSurrogateKey>
<indexColumnUsage>
<colUsage columnID="E63D8049-F8E4-E0EA-8544-E81B6A4961D4"/>
</indexColumnUsage>
</ind_PK_UK>
</indexes>
</Table>