<?xml version = '1.0' encoding = 'UTF-8'?>
<Table class="oracle.dbtools.crest.model.design.relational.Table" directorySegmentName="seg_0" id="AC3B1AA7-C5E1-928A-07A4-FC05818ACE35" name="T_CULTURA">
<createdBy>Admin</createdBy>
<createdTime>2025-04-22 19:56:46 UTC</createdTime>
<generatorID>89DA0E57-49A7-8828-AECD-4F40F11F5BC6</generatorID>
<ownerDesignName>DER</ownerDesignName>
<allowColumnReorder>false</allowColumnReorder>
<existDependencyGenerateInDDl>true</existDependencyGenerateInDDl>
<parsed>true</parsed>
<columns itemClass="oracle.dbtools.crest.model.design.relational.Column">
<Column name="ID_CULTURA" id="B2BF1FFC-A0E9-3ADD-4FD0-E2D39F16EF51">
<createdBy>Admin</createdBy>
<createdTime>2025-04-22 19:56:46 UTC</createdTime>
<generatorID>CA702979-D0E2-3173-C972-B8B2556B762B</generatorID>
<ownerDesignName>DER</ownerDesignName>
<useDomainConstraints>false</useDomainConstraints>
<use>1</use>
<logicalDatatype>LOGDT011</logicalDatatype>
<ownDataTypeParameters>,,</ownDataTypeParameters>
<autoIncrementCycle>false</autoIncrementCycle>
</Column>
<Column name="NOME_CULTURA" id="E2E31C01-2CFE-59B2-5A20-D2CBC8F48C73">
<createdBy>Admin</createdBy>
<createdTime>2025-04-22 19:56:46 UTC</createdTime>
<generatorID>FF214630-5F83-6B48-AFD0-2DFE10A138A2</generatorID>
<ownerDesignName>DER</ownerDesignName>
<useDomainConstraints>false</useDomainConstraints>
<use>1</use>
<logicalDatatype>LOGDT024</logicalDatatype>
<dataTypeSize>50</dataTypeSize>
<ownDataTypeParameters>50,,</ownDataTypeParameters>
<autoIncrementCycle>false</autoIncrementCycle>
</Column>
<Column name="TIPO_CULTURA" id="DF101B48-569A-A4A5-EEEA-A47AC9B540B1">
<createdBy>Admin</createdBy>
<createdTime>2025-04-22 19:56:46 UTC</createdTime>
<generatorID>EB067C60-3D3C-2587-949A-35AF955F50B9</generatorID>
<ownerDesignName>DER</ownerDesignName>
<useDomainConstraints>false</useDomainConstraints>
<use>1</use>
<logicalDatatype>LOGDT024</logicalDatatype>
<dataTypeSize>30</dataTypeSize>
<ownDataTypeParameters>30,,</ownDataTypeParameters>
<autoIncrementCycle>false</autoIncrementCycle>
</Column>
<Column name="ESTACAO_PLANTIO" id="78F77CE6-268C-5A1C-967A-339BBC5BCAD4">
<createdBy>Admin</createdBy>
<createdTime>2025-04-22 19:56:46 UTC</createdTime>
<generatorID>9E3AA984-4EED-16FE-0353-4E3E32C3DC05</generatorID>
<ownerDesignName>DER</ownerDesignName>
<useDomainConstraints>false</useDomainConstraints>
<use>1</use>
<logicalDatatype>LOGDT024</logicalDatatype>
<dataTypeSize>30</dataTypeSize>
<ownDataTypeParameters>30,,</ownDataTypeParameters>
<autoIncrementCycle>false</autoIncrementCycle>
</Column>
<Column name="T_PLANTACAO_CULTURA_ID_PLATACAO_CULTURA" id="6144D498-D4E4-F70C-6DF4-859D458782CE">
<createdBy>Admin</createdBy>
<createdTime>2025-04-22 19:56:46 UTC</createdTime>
<generatorID>7AE9024B-C2B3-D3C5-E84C-810BA927BC0F</generatorID>
<ownerDesignName>DER</ownerDesignName>
<useDomainConstraints>false</useDomainConstraints>
<use>1</use>
<logicalDatatype>LOGDT011</logicalDatatype>
<ownDataTypeParameters>,,</ownDataTypeParameters>
<previousColumn>false</previousColumn>
<autoIncrementCycle>false</autoIncrementCycle>
<associations>
<colAssociation fkAssociation="16C4C399-E4B8-E54B-09BE-AD5ECDEE046B" referredColumn="0639107B-DC84-05B7-D9EC-0D3C2DBF499D"/>
</associations>
</Column>
</columns>
<indexes itemClass="oracle.dbtools.crest.model.design.relational.Index">
<ind_PK_UK id="D69F28B3-6A49-F791-AE35-4395FC5E51C6" name="T_CULTURA_PK">
<createdBy>Admin</createdBy>
<createdTime>2025-04-22 19:56:46 UTC</createdTime>
<generatorID>E5D520D1-96B7-01CB-9DAA-E3DF9A9BA155</generatorID>
<ownerDesignName>DER</ownerDesignName>
<pk>true</pk>
<indexState>Primary Constraint</indexState>
<isSurrogateKey>false</isSurrogateKey>
<indexColumnUsage>
<colUsage columnID="B2BF1FFC-A0E9-3ADD-4FD0-E2D39F16EF51"/>
</indexColumnUsage>
</ind_PK_UK>
<ind_PK_UK id="8AE17CB6-9FBA-5DCC-046B-7C30A59B2B25" name="T_CULTURA_T_PLANTACAO_CULTURA_FK">
<createdBy>Admin</createdBy>
<createdTime>2025-04-22 19:56:46 UTC</createdTime>
<generatorID>7BDF9303-05C8-D6BE-B001-671CFEAD7257</generatorID>
<ownerDesignName>DER</ownerDesignName>
<indexState>Foreign Key</indexState>
<isSurrogateKey>false</isSurrogateKey>
<indexColumnUsage>
<colUsage columnID="6144D498-D4E4-F70C-6DF4-859D458782CE"/>
</indexColumnUsage>
</ind_PK_UK>
</indexes>
</Table>