<?xml version = '1.0' encoding = 'UTF-8'?>
<Table class="oracle.dbtools.crest.model.design.relational.Table" directorySegmentName="seg_0" id="BED37D42-1161-1AA5-5B8D-C565A3589E68" name="T_APLICACAO_NUTRIENTE">
<createdBy>Admin</createdBy>
<createdTime>2025-04-22 19:56:46 UTC</createdTime>
<generatorID>411A1234-9ADD-6974-734F-F9EED31BDBCB</generatorID>
<ownerDesignName>DER</ownerDesignName>
<allowColumnReorder>false</allowColumnReorder>
<existDependencyGenerateInDDl>true</existDependencyGenerateInDDl>
<parsed>true</parsed>
<columns itemClass="oracle.dbtools.crest.model.design.relational.Column">
<Column name="ID_APLICACAO_NUTRIENTE" id="DB0A9B43-6829-DFC5-E3A0-C5DA01861772">
<createdBy>Admin</createdBy>
<createdTime>2025-04-22 19:56:46 UTC</createdTime>
<generatorID>0DD83884-3E77-9D1D-9C64-86D439F8F3A3</generatorID>
<ownerDesignName>DER</ownerDesignName>
<useDomainConstraints>false</useDomainConstraints>
<use>1</use>
<logicalDatatype>LOGDT011</logicalDatatype>
<ownDataTypeParameters>,,</ownDataTypeParameters>
<autoIncrementCycle>false</autoIncrementCycle>
</Column>
<Column name="DATA_HORA" id="CE2F7B50-9AC3-B2B3-03AB-EEC7AFEA62CD">
<createdBy>Admin</createdBy>
<createdTime>2025-04-22 19:56:46 UTC</createdTime>
<generatorID>6E530D21-5C15-A708-2F9B-4624B3680544</generatorID>
<ownerDesignName>DER</ownerDesignName>
<useDomainConstraints>false</useDomainConstraints>
<use>1</use>
<logicalDatatype>91229484-D19C-D458-8647-333C7FFE7B60</logicalDatatype>
<ownDataTypeParameters>,,</ownDataTypeParameters>
<autoIncrementCycle>false</autoIncrementCycle>
</Column>
<Column name="TIPO_NUTRIENTE" id="245B1F91-4728-EE51-1023-00B4B19DDFAD">
<createdBy>Admin</createdBy>
<createdTime>2025-04-22 19:56:46 UTC</createdTime>
<generatorID>70DF3206-DB9C-5630-2E88-0CD76E0CBE59</generatorID>
<ownerDesignName>DER</ownerDesignName>
<useDomainConstraints>false</useDomainConstraints>
<use>1</use>
<logicalDatatype>LOGDT024</logicalDatatype>
<dataTypeSize>30</dataTypeSize>
<ownDataTypeParameters>30,,</ownDataTypeParameters>
<autoIncrementCycle>false</autoIncrementCycle>
</Column>
<Column name="QUANTIDADE" id="99D7E8A8-2E6C-ABF8-D893-FE6824CF4C0C">
<createdBy>Admin</createdBy>
<createdTime>2025-04-22 19:56:46 UTC</createdTime>
<generatorID>9210C8B9-68BE-7FC4-2E5F-2A9B4019C844</generatorID>
<ownerDesignName>DER</ownerDesignName>
<useDomainConstraints>false</useDomainConstraints>
<use>1</use>
<logicalDatatype>LOGDT019</logicalDatatype>
<ownDataTypeParameters>,,</ownDataTypeParameters>
<autoIncrementCycle>false</autoIncrementCycle>
</Column>
<Column name="T_PLANTACAO_ID_PLANTACAO" id="6750BB6B-F7ED-E406-0A2F-0C55D0DD1138">
<createdBy>Admin</createdBy>
<createdTime>2025-04-22 19:56:46 UTC</createdTime>
<generatorID>1AD04B6E-3E89-E4D3-3BBA-0EFDAC9E59B2</generatorID>
<ownerDesignName>DER</ownerDesignName>
<useDomainConstraints>false</useDomainConstraints>
<use>1</use>
<logicalDatatype>LOGDT011</logicalDatatype>
<ownDataTypeParameters>,,</ownDataTypeParameters>
<previousColumn>false</previousColumn>
<autoIncrementCycle>false</autoIncrementCycle>
<associations>
<colAssociation fkAssociation="932B83EF-B693-DFF7-5D25-655303DC7445" referredColumn="F4C101B4-4F72-D112-A976-60D01A5959AD"/>
</associations>
</Column>
</columns>
<indexes itemClass="oracle.dbtools.crest.model.design.relational.Index">
<ind_PK_UK id="2BCE397F-F1C5-4DDC-E033-D116139E8B35" name="T_APLICACAO_NUTRIENTE_PK">
<createdBy>Admin</createdBy>
<createdTime>2025-04-22 19:56:46 UTC</createdTime>
<generatorID>E650D5B7-F683-8CB7-813E-313E41C21E32</generatorID>
<ownerDesignName>DER</ownerDesignName>
<pk>true</pk>
<indexState>Primary Constraint</indexState>
<isSurrogateKey>false</isSurrogateKey>
<indexColumnUsage>
<colUsage columnID="DB0A9B43-6829-DFC5-E3A0-C5DA01861772"/>
</indexColumnUsage>
</ind_PK_UK>
<ind_PK_UK id="47967508-D16C-78AD-CB20-F5F612E8AA65" name="T_APLICACAO_NUTRIENTE_T_PLANTACAO_FK">
<createdBy>Admin</createdBy>
<createdTime>2025-04-22 19:56:46 UTC</createdTime>
<generatorID>D45CD0F9-FFFA-AECD-E3D0-AEB53C294DF4</generatorID>
<ownerDesignName>DER</ownerDesignName>
<indexState>Foreign Key</indexState>
<isSurrogateKey>false</isSurrogateKey>
<indexColumnUsage>
<colUsage columnID="6750BB6B-F7ED-E406-0A2F-0C55D0DD1138"/>
</indexColumnUsage>
</ind_PK_UK>
</indexes>
</Table>