<?xml version = '1.0' encoding = 'UTF-8'?>
<Table class="oracle.dbtools.crest.model.design.relational.Table" directorySegmentName="seg_0" id="CEE112E9-1F4B-1146-3581-04C9C9DA93B7" name="T_SENSOR">
<createdBy>Admin</createdBy>
<createdTime>2025-04-22 19:56:46 UTC</createdTime>
<generatorID>404F5AB4-EF72-472B-9EC0-D091E1A56E9A</generatorID>
<ownerDesignName>DER</ownerDesignName>
<allowColumnReorder>false</allowColumnReorder>
<existDependencyGenerateInDDl>true</existDependencyGenerateInDDl>
<parsed>true</parsed>
<columns itemClass="oracle.dbtools.crest.model.design.relational.Column">
<Column name="ID_SENSOR" id="853BD419-E6FE-E596-EABD-4BF141C68730">
<createdBy>Admin</createdBy>
<createdTime>2025-04-22 19:56:46 UTC</createdTime>
<generatorID>878ABA1B-CF12-5D7E-D652-050C369EA9B6</generatorID>
<ownerDesignName>DER</ownerDesignName>
<useDomainConstraints>false</useDomainConstraints>
<use>1</use>
<logicalDatatype>LOGDT011</logicalDatatype>
<ownDataTypeParameters>,,</ownDataTypeParameters>
<autoIncrementCycle>false</autoIncrementCycle>
</Column>
<Column name="TIPO" id="C49C1DB3-0BCB-5623-9F36-1D6A233A1A6E">
<createdBy>Admin</createdBy>
<createdTime>2025-04-22 19:56:46 UTC</createdTime>
<generatorID>3F449FA3-3B7D-959E-187A-83FFA9D5E627</generatorID>
<ownerDesignName>DER</ownerDesignName>
<useDomainConstraints>false</useDomainConstraints>
<use>1</use>
<logicalDatatype>LOGDT024</logicalDatatype>
<dataTypeSize>50</dataTypeSize>
<ownDataTypeParameters>50,,</ownDataTypeParameters>
<autoIncrementCycle>false</autoIncrementCycle>
</Column>
<Column name="STATUS" id="B624E1E5-AD67-A56E-9391-BF7A2638D79B">
<createdBy>Admin</createdBy>
<createdTime>2025-04-22 19:56:46 UTC</createdTime>
<generatorID>EF78B93C-1056-9C11-7AB1-86D13625D4E2</generatorID>
<ownerDesignName>DER</ownerDesignName>
<useDomainConstraints>false</useDomainConstraints>
<use>1</use>
<logicalDatatype>LOGDT024</logicalDatatype>
<dataTypeSize>50</dataTypeSize>
<ownDataTypeParameters>50,,</ownDataTypeParameters>
<autoIncrementCycle>false</autoIncrementCycle>
</Column>
<Column name="DATA_INSTALACAO" id="7ACBDDD4-7376-E509-B46D-9180BB892CFB">
<createdBy>Admin</createdBy>
<createdTime>2025-04-22 19:56:46 UTC</createdTime>
<generatorID>5522DACC-3E82-7CF8-75BB-CFE53E481C7D</generatorID>
<ownerDesignName>DER</ownerDesignName>
<useDomainConstraints>false</useDomainConstraints>
<use>1</use>
<logicalDatatype>91229484-D19C-D458-8647-333C7FFE7B60</logicalDatatype>
<ownDataTypeParameters>,,</ownDataTypeParameters>
<autoIncrementCycle>false</autoIncrementCycle>
</Column>
<Column name="T_PLANTACAO_ID_PLANTACAO" id="CA207B0A-918D-38CB-88E6-9C2B6F3324CB">
<createdBy>Admin</createdBy>
<createdTime>2025-04-22 19:56:46 UTC</createdTime>
<generatorID>460ADB49-DAF5-C5C9-1558-9B65D1489BF2</generatorID>
<ownerDesignName>DER</ownerDesignName>
<useDomainConstraints>false</useDomainConstraints>
<use>1</use>
<logicalDatatype>LOGDT011</logicalDatatype>
<ownDataTypeParameters>,,</ownDataTypeParameters>
<previousColumn>false</previousColumn>
<autoIncrementCycle>false</autoIncrementCycle>
<associations>
<colAssociation fkAssociation="894DBEC7-4485-440B-9DDF-3B63B59A5663" referredColumn="F4C101B4-4F72-D112-A976-60D01A5959AD"/>
</associations>
</Column>
</columns>
<indexes itemClass="oracle.dbtools.crest.model.design.relational.Index">
<ind_PK_UK id="8E5B5D62-122E-5D12-607C-217B0D6DBAE6" name="T_SENSOR_PK">
<createdBy>Admin</createdBy>
<createdTime>2025-04-22 19:56:46 UTC</createdTime>
<generatorID>2FE7A004-F6C9-9873-47F9-07F503F8D446</generatorID>
<ownerDesignName>DER</ownerDesignName>
<pk>true</pk>
<indexState>Primary Constraint</indexState>
<isSurrogateKey>false</isSurrogateKey>
<indexColumnUsage>
<colUsage columnID="853BD419-E6FE-E596-EABD-4BF141C68730"/>
</indexColumnUsage>
</ind_PK_UK>
<ind_PK_UK id="02642812-70B5-2D13-C825-BCC0BB5B059C" name="T_SENSOR_T_PLANTACAO_FK">
<createdBy>Admin</createdBy>
<createdTime>2025-04-22 19:56:46 UTC</createdTime>
<generatorID>68B1E457-F4EB-1988-0217-382BA903FC1C</generatorID>
<ownerDesignName>DER</ownerDesignName>
<indexState>Foreign Key</indexState>
<isSurrogateKey>false</isSurrogateKey>
<indexColumnUsage>
<colUsage columnID="CA207B0A-918D-38CB-88E6-9C2B6F3324CB"/>
</indexColumnUsage>
</ind_PK_UK>
</indexes>
</Table>