<?xml version = '1.0' encoding = 'UTF-8'?>
<Table class="oracle.dbtools.crest.model.design.relational.Table" directorySegmentName="seg_0" id="D0C49405-9815-679E-8DE2-8412165E5644" name="T_PLANTACAO">
<createdBy>Admin</createdBy>
<createdTime>2025-04-22 19:56:46 UTC</createdTime>
<generatorID>14CF54BA-0CD9-9C61-6F39-B514125EEAF2</generatorID>
<ownerDesignName>DER</ownerDesignName>
<allowColumnReorder>false</allowColumnReorder>
<existDependencyGenerateInDDl>true</existDependencyGenerateInDDl>
<parsed>true</parsed>
<columns itemClass="oracle.dbtools.crest.model.design.relational.Column">
<Column name="ID_PLANTACAO" id="F4C101B4-4F72-D112-A976-60D01A5959AD">
<createdBy>Admin</createdBy>
<createdTime>2025-04-22 19:56:46 UTC</createdTime>
<generatorID>C2A2A911-6260-1337-25F8-A8781D27731F</generatorID>
<ownerDesignName>DER</ownerDesignName>
<useDomainConstraints>false</useDomainConstraints>
<use>1</use>
<logicalDatatype>LOGDT011</logicalDatatype>
<ownDataTypeParameters>,,</ownDataTypeParameters>
<autoIncrementCycle>false</autoIncrementCycle>
</Column>
<Column name="NOME_PLANTACAO" id="33446094-A9FC-6AC0-C73E-0A70BFC21787">
<createdBy>Admin</createdBy>
<createdTime>2025-04-22 19:56:46 UTC</createdTime>
<generatorID>A4A27E71-3C19-5B18-AE03-FF620939A2D7</generatorID>
<ownerDesignName>DER</ownerDesignName>
<useDomainConstraints>false</useDomainConstraints>
<use>1</use>
<logicalDatatype>LOGDT024</logicalDatatype>
<dataTypeSize>50</dataTypeSize>
<ownDataTypeParameters>50,,</ownDataTypeParameters>
<autoIncrementCycle>false</autoIncrementCycle>
</Column>
<Column name="LOCALIZACAO" id="D4FAD78E-0CCE-1D7B-567A-AA5303CDEBAB">
<createdBy>Admin</createdBy>
<createdTime>2025-04-22 19:56:46 UTC</createdTime>
<generatorID>9A89FD52-38C9-9A90-EFD2-9CE5B3E7EF9D</generatorID>
<ownerDesignName>DER</ownerDesignName>
<useDomainConstraints>false</useDomainConstraints>
<use>1</use>
<logicalDatatype>LOGDT024</logicalDatatype>
<dataTypeSize>30</dataTypeSize>
<ownDataTypeParameters>30,,</ownDataTypeParameters>
<autoIncrementCycle>false</autoIncrementCycle>
</Column>
<Column name="TAMANHO_HECTARES" id="AE09CD60-E4BE-CB18-41E5-F82DD5CAFCA6">
<createdBy>Admin</createdBy>
<createdTime>2025-04-22 19:56:46 UTC</createdTime>
<generatorID>CF47337B-821F-7EA7-2D8A-F75B4A9F84E5</generatorID>
<ownerDesignName>DER</ownerDesignName>
<useDomainConstraints>false</useDomainConstraints>
<use>1</use>
<logicalDatatype>LOGDT019</logicalDatatype>
<ownDataTypeParameters>,,</ownDataTypeParameters>
<autoIncrementCycle>false</autoIncrementCycle>
</Column>
<Column name="T_PLANTACAO_CULTURA_ID_PLATACAO_CULTURA" id="D9235209-A954-1A1C-E302-6C0FDF9DFD9E">
<createdBy>Admin</createdBy>
<createdTime>2025-04-22 19:56:46 UTC</createdTime>
<generatorID>799FF6BC-F491-8C3B-3B49-6784992B2E70</generatorID>
<ownerDesignName>DER</ownerDesignName>
<useDomainConstraints>false</useDomainConstraints>
<use>1</use>
<logicalDatatype>LOGDT011</logicalDatatype>
<ownDataTypeParameters>,,</ownDataTypeParameters>
<previousColumn>false</previousColumn>
<autoIncrementCycle>false</autoIncrementCycle>
<associations>
<colAssociation fkAssociation="4C9CBAD7-BCEA-5611-CCE4-146486DDE326" referredColumn="0639107B-DC84-05B7-D9EC-0D3C2DBF499D"/>
</associations>
</Column>
</columns>
<indexes itemClass="oracle.dbtools.crest.model.design.relational.Index">
<ind_PK_UK id="67112240-B220-C632-1E2F-6DB7DFCA47A4" name="T_PLANTACAO_PK">
<createdBy>Admin</createdBy>
<createdTime>2025-04-22 19:56:46 UTC</createdTime>
<generatorID>6AA0990D-DABC-EC89-6496-0497910CD4BC</generatorID>
<ownerDesignName>DER</ownerDesignName>
<pk>true</pk>
<indexState>Primary Constraint</indexState>
<isSurrogateKey>false</isSurrogateKey>
<indexColumnUsage>
<colUsage columnID="F4C101B4-4F72-D112-A976-60D01A5959AD"/>
</indexColumnUsage>
</ind_PK_UK>
<ind_PK_UK id="B936970C-FC63-85F8-6928-A51A9B6A801B" name="T_PLANTACAO_T_PLANTACAO_CULTURA_FK">
<createdBy>Admin</createdBy>
<createdTime>2025-04-22 19:56:46 UTC</createdTime>
<generatorID>7A046200-7378-6E14-F410-34E488764F8F</generatorID>
<ownerDesignName>DER</ownerDesignName>
<indexState>Foreign Key</indexState>
<isSurrogateKey>false</isSurrogateKey>
<indexColumnUsage>
<colUsage columnID="D9235209-A954-1A1C-E302-6C0FDF9DFD9E"/>
</indexColumnUsage>
</ind_PK_UK>
</indexes>
</Table>