<?xml version = '1.0' encoding = 'UTF-8'?>
<Diagram class="oracle.dbtools.crest.swingui.relational.DPVRelational" name="Relational_1" id="5C6EC1FF-07E7-4C70-5B65-0BE97517ADB5">
<createdBy>Admin</createdBy>
<modifiedBy>Admin</modifiedBy>
<createdTime>2025-04-22 19:56:46 UTC</createdTime>
<autoRoute>false</autoRoute>
<boxInbox>true</boxInbox>
<showLegend>false</showLegend>
<showLabels>false</showLabels>
<showRelAttributes>false</showRelAttributes>
<gridEnabled>false</gridEnabled>
<showGrid>false</showGrid>
<diagramColor>-1</diagramColor>
<display>false</display>
<notation>1</notation>
<objectViews>
<OView class="oracle.dbtools.crest.swingui.relational.TVTable" oid="4694E562-36B3-FFA3-A691-C59A9421957E" otype="Table" vid="26435D16-16FE-AA98-596E-CFBD6C3A2062">
<hideElementsInCurrentOnly>false</hideElementsInCurrentOnly>
<bounds x="1196" y="158" width="359" height="112"/>
</OView>
<OView class="oracle.dbtools.crest.swingui.relational.TVTable" oid="6A08F751-6871-207B-0CAB-03163A315B80" otype="Table" vid="35C61E91-F1E5-7536-89EE-61C40DA06D37">
<hideElementsInCurrentOnly>false</hideElementsInCurrentOnly>
<bounds x="63" y="47" width="347" height="138"/>
</OView>
<OView class="oracle.dbtools.crest.swingui.relational.TVTable" oid="7295B280-4044-2466-FB78-B9FCAE58344D" otype="Table" vid="18DC9DC3-9DA4-723F-C840-AD327931EB9F">
<hideElementsInCurrentOnly>false</hideElementsInCurrentOnly>
<bounds x="295" y="476" width="435" height="127"/>
</OView>
<OView class="oracle.dbtools.crest.swingui.relational.TVTable" oid="AC3B1AA7-C5E1-928A-07A4-FC05818ACE35" otype="Table" vid="440063B8-BF06-49B3-226E-608BDC908AD0">
<hideElementsInCurrentOnly>false</hideElementsInCurrentOnly>
<bounds x="543" y="47" width="512" height="138"/>
</OView>
<OView class="oracle.dbtools.crest.swingui.relational.TVTable" oid="BED37D42-1161-1AA5-5B8D-C565A3589E68" otype="Table" vid="31CA0E36-2AFC-29B1-DF14-3656590B2361">
<hideElementsInCurrentOnly>false</hideElementsInCurrentOnly>
<bounds x="879" y="477" width="461" height="134"/>
</OView>
<OView class="oracle.dbtools.crest.swingui.relational.TVTable" oid="CEE112E9-1F4B-1146-3581-04C9C9DA93B7" otype="Table" vid="DEF435C0-A0C1-6D80-7E49-C46DC60E48EF">
<hideElementsInCurrentOnly>false</hideElementsInCurrentOnly>
<bounds x="61" y="237" width="382" height="141"/>
</OView>
<OView class="oracle.dbtools.crest.swingui.relational.TVTable" oid="D0C49405-9815-679E-8DE2-8412165E5644" otype="Table" vid="B551924E-3692-6064-4AB3-A8A4FD67DDB7">
<hideElementsInCurrentOnly>false</hideElementsInCurrentOnly>
<bounds x="511" y="244" width="569" height="137"/>
</OView>
</objectViews>
<connectors>
<Connector class="oracle.dbtools.crest.swingui.relational.TVFKRelation" oid="16C4C399-E4B8-E54B-09BE-AD5ECDEE046B" otype="FKIndexAssociation" vid_source="26435D16-16FE-AA98-596E-CFBD6C3A2062" vid_target="440063B8-BF06-49B3-226E-608BDC908AD0">
<hideElementsInCurrentOnly>false</hideElementsInCurrentOnly>
<backgroundColor>-16777216</backgroundColor>
<lineWidth>1</lineWidth>
<points>
<point x="1196" y="171"/>
<point x="1055" y="171"/>
</points>
</Connector>
<Connector class="oracle.dbtools.crest.swingui.relational.TVFKRelation" oid="4C9CBAD7-BCEA-5611-CCE4-146486DDE326" otype="FKIndexAssociation" vid_source="26435D16-16FE-AA98-596E-CFBD6C3A2062" vid_target="B551924E-3692-6064-4AB3-A8A4FD67DDB7">
<hideElementsInCurrentOnly>false</hideElementsInCurrentOnly>
<backgroundColor>-16777216</backgroundColor>
<lineWidth>1</lineWidth>
<points>
<point x="1196" y="257"/>
<point x="1080" y="257"/>
</points>
</Connector>
<Connector class="oracle.dbtools.crest.swingui.relational.TVFKRelation" oid="894DBEC7-4485-440B-9DDF-3B63B59A5663" otype="FKIndexAssociation" vid_source="B551924E-3692-6064-4AB3-A8A4FD67DDB7" vid_target="DEF435C0-A0C1-6D80-7E49-C46DC60E48EF">
<hideElementsInCurrentOnly>false</hideElementsInCurrentOnly>
<backgroundColor>-16777216</backgroundColor>
<lineWidth>1</lineWidth>
<points>
<point x="511" y="311"/>
<point x="443" y="311"/>
</points>
</Connector>
<Connector class="oracle.dbtools.crest.swingui.relational.TVFKRelation" oid="90FC1710-8D88-89CD-3ACE-9EDDD139F188" otype="FKIndexAssociation" vid_source="DEF435C0-A0C1-6D80-7E49-C46DC60E48EF" vid_target="35C61E91-F1E5-7536-89EE-61C40DA06D37">
<hideElementsInCurrentOnly>false</hideElementsInCurrentOnly>
<backgroundColor>-16777216</backgroundColor>
<lineWidth>1</lineWidth>
<points>
<point x="236" y="237"/>
<point x="236" y="185"/>
</points>
</Connector>
<Connector class="oracle.dbtools.crest.swingui.relational.TVFKRelation" oid="932B83EF-B693-DFF7-5D25-655303DC7445" otype="FKIndexAssociation" vid_source="B551924E-3692-6064-4AB3-A8A4FD67DDB7" vid_target="31CA0E36-2AFC-29B1-DF14-3656590B2361">
<hideElementsInCurrentOnly>false</hideElementsInCurrentOnly>
<backgroundColor>-16777216</backgroundColor>
<lineWidth>1</lineWidth>
<points>
<point x="979" y="381"/>
<point x="979" y="477"/>
</points>
</Connector>
<Connector class="oracle.dbtools.crest.swingui.relational.TVFKRelation" oid="D47BF579-961F-4346-630C-111D7358E3FC" otype="FKIndexAssociation" vid_source="B551924E-3692-6064-4AB3-A8A4FD67DDB7" vid_target="18DC9DC3-9DA4-723F-C840-AD327931EB9F">
<hideElementsInCurrentOnly>false</hideElementsInCurrentOnly>
<backgroundColor>-16777216</backgroundColor>
<lineWidth>1</lineWidth>
<points>
<point x="620" y="381"/>
<point x="620" y="476"/>
</points>
</Connector>
</connectors>
</Diagram>