<?xml version = '1.0' encoding = 'UTF-8'?>
<Relation class="oracle.dbtools.crest.model.design.logical.Relation" name="Relation_7" directorySegmentName="seg_0" id="464B13A6-EB61-A337-FE60-9AC10529B6FB">
<createdBy>Admin</createdBy>
<createdTime>2025-04-22 19:52:34 UTC</createdTime>
<ownerDesignName>DER</ownerDesignName>
<engineerTo>
<item key="0DF24D4E-71C5-9339-B87A-671372EAB874" value="true"/>
</engineerTo>
<sourcePk>6AA0990D-DABC-EC89-6496-0497910CD4BC</sourcePk>
<identifying>false</identifying>
<optionalSource>false</optionalSource>
<optionalTarget>false</optionalTarget>
<sourceCardinality>1</sourceCardinality>
<sourceEntity>14CF54BA-0CD9-9C61-6F39-B514125EEAF2</sourceEntity>
<targetCardinalityString>*</targetCardinalityString>
<targetEntity>583D09DF-F9D0-ED32-68C8-C881AF51385C</targetEntity>
<transferable>true</transferable>
<deleteRule>NO ACTION</deleteRule>
</Relation>