<?xml version = '1.0' encoding = 'UTF-8'?>
<Relation class="oracle.dbtools.crest.model.design.logical.Relation" name="Relation_3" directorySegmentName="seg_0" id="7BDF9303-05C8-D6BE-B001-671CFEAD7257">
<createdBy>Admin</createdBy>
<createdTime>2025-04-22 19:49:25 UTC</createdTime>
<ownerDesignName>DER</ownerDesignName>
<engineerTo>
<item key="0DF24D4E-71C5-9339-B87A-671372EAB874" value="true"/>
</engineerTo>
<sourcePk>77EA1DC5-2D53-1D68-B81D-261D1DDB0EFE</sourcePk>
<identifying>false</identifying>
<optionalSource>false</optionalSource>
<optionalTarget>false</optionalTarget>
<sourceCardinality>1</sourceCardinality>
<sourceEntity>4DA4E259-6ED3-A5C4-69CB-C7A9DC50A062</sourceEntity>
<targetCardinalityString>*</targetCardinalityString>
<targetEntity>89DA0E57-49A7-8828-AECD-4F40F11F5BC6</targetEntity>
<transferable>true</transferable>
<deleteRule>NO ACTION</deleteRule>
</Relation>