<?xml version = '1.0' encoding = 'UTF-8'?>
<Relation class="oracle.dbtools.crest.model.design.logical.Relation" name="Relation_9" directorySegmentName="seg_0" id="AD822D0B-007F-104F-F41D-AE16C5655DFB">
<createdBy>Admin</createdBy>
<createdTime>2025-04-22 19:53:34 UTC</createdTime>
<ownerDesignName>DER</ownerDesignName>
<engineerTo>
<item key="0DF24D4E-71C5-9339-B87A-671372EAB874" value="true"/>
</engineerTo>
<sourcePk>2FE7A004-F6C9-9873-47F9-07F503F8D446</sourcePk>
<identifying>false</identifying>
<optionalSource>false</optionalSource>
<optionalTarget>false</optionalTarget>
<sourceCardinality>1</sourceCardinality>
<sourceEntity>404F5AB4-EF72-472B-9EC0-D091E1A56E9A</sourceEntity>
<targetCardinalityString>*</targetCardinalityString>
<targetEntity>07FDEA01-568B-D4A9-A508-BFD61D427C34</targetEntity>
<transferable>true</transferable>
<deleteRule>NO ACTION</deleteRule>
</Relation>