<?xml version = '1.0' encoding = 'UTF-8'?>
<Relation class="oracle.dbtools.crest.model.design.logical.Relation" name="Relation_8" directorySegmentName="seg_0" id="D45CD0F9-FFFA-AECD-E3D0-AEB53C294DF4">
<createdBy>Admin</createdBy>
<createdTime>2025-04-22 19:52:50 UTC</createdTime>
<ownerDesignName>DER</ownerDesignName>
<engineerTo>
<item key="0DF24D4E-71C5-9339-B87A-671372EAB874" value="true"/>
</engineerTo>
<sourcePk>6AA0990D-DABC-EC89-6496-0497910CD4BC</sourcePk>
<identifying>false</identifying>
<optionalSource>false</optionalSource>
<optionalTarget>false</optionalTarget>
<sourceCardinality>1</sourceCardinality>
<sourceEntity>14CF54BA-0CD9-9C61-6F39-B514125EEAF2</sourceEntity>
<targetCardinalityString>*</targetCardinalityString>
<targetEntity>411A1234-9ADD-6974-734F-F9EED31BDBCB</targetEntity>
<transferable>true</transferable>
<deleteRule>NO ACTION</deleteRule>
</Relation>