<?xml version = '1.0' encoding = 'UTF-8'?>
<Diagram class="oracle.dbtools.crest.swingui.logical.DPVLogical" name="Logical" id="56BFDB20-277C-0FED-557D-6348CBA49511">
<createdBy>Admin</createdBy>
<modifiedBy>Admin</modifiedBy>
<createdTime>2025-04-22 19:13:47 UTC</createdTime>
<autoRoute>false</autoRoute>
<boxInbox>true</boxInbox>
<showLegend>false</showLegend>
<showLabels>false</showLabels>
<showRelAttributes>false</showRelAttributes>
<gridEnabled>false</gridEnabled>
<showGrid>false</showGrid>
<diagramColor>-1</diagramColor>
<display>false</display>
<notation>1</notation>
<objectViews>
<OView class="oracle.dbtools.crest.swingui.logical.TVEntity" oid="07FDEA01-568B-D4A9-A508-BFD61D427C34" otype="Entity" vid="F8F4B460-460F-EAFA-D83F-9F9DE7C8984C">
<hideElementsInCurrentOnly>false</hideElementsInCurrentOnly>
<bounds x="63" y="47" width="169" height="87"/>
</OView>
<OView class="oracle.dbtools.crest.swingui.logical.TVEntity" oid="14CF54BA-0CD9-9C61-6F39-B514125EEAF2" otype="Entity" vid="C9F0BF7D-714A-D509-92CD-319C32362A12">
<hideElementsInCurrentOnly>false</hideElementsInCurrentOnly>
<bounds x="326" y="185" width="161" height="83"/>
</OView>
<OView class="oracle.dbtools.crest.swingui.logical.TVEntity" oid="404F5AB4-EF72-472B-9EC0-D091E1A56E9A" otype="Entity" vid="6CC7F7E1-4095-E167-D7DA-4D9818B55A50">
<hideElementsInCurrentOnly>false</hideElementsInCurrentOnly>
<bounds x="65" y="180" width="170" height="88"/>
</OView>
<OView class="oracle.dbtools.crest.swingui.logical.TVEntity" oid="411A1234-9ADD-6974-734F-F9EED31BDBCB" otype="Entity" vid="C1AE1490-9383-1901-2919-5A17FD2C0580">
<hideElementsInCurrentOnly>false</hideElementsInCurrentOnly>
<bounds x="444" y="318" width="172" height="81"/>
</OView>
<OView class="oracle.dbtools.crest.swingui.logical.TVEntity" oid="4DA4E259-6ED3-A5C4-69CB-C7A9DC50A062" otype="Entity" vid="27BE957E-8FF1-C115-E6E3-F8B8294624F1">
<hideElementsInCurrentOnly>false</hideElementsInCurrentOnly>
<bounds x="556" y="122" width="167" height="88"/>
</OView>
<OView class="oracle.dbtools.crest.swingui.logical.TVEntity" oid="583D09DF-F9D0-ED32-68C8-C881AF51385C" otype="Entity" vid="7F4CC6D4-B940-0BCE-E3A7-7A52BBDD5B05">
<hideElementsInCurrentOnly>false</hideElementsInCurrentOnly>
<bounds x="216" y="319" width="167" height="77"/>
</OView>
<OView class="oracle.dbtools.crest.swingui.logical.TVEntity" oid="89DA0E57-49A7-8828-AECD-4F40F11F5BC6" otype="Entity" vid="2D5AAB96-73C7-926D-284E-D498013D3BC9">
<hideElementsInCurrentOnly>false</hideElementsInCurrentOnly>
<bounds x="335" y="70" width="149" height="83"/>
</OView>
</objectViews>
<connectors>
<Connector class="oracle.dbtools.crest.swingui.logical.TVRelation" oid="464B13A6-EB61-A337-FE60-9AC10529B6FB" otype="Relation" vid_source="C9F0BF7D-714A-D509-92CD-319C32362A12" vid_target="7F4CC6D4-B940-0BCE-E3A7-7A52BBDD5B05">
<hideElementsInCurrentOnly>false</hideElementsInCurrentOnly>
<backgroundColor>-16777216</backgroundColor>
<lineWidth>1</lineWidth>
<points>
<point x="354" y="268"/>
<point x="354" y="319"/>
</points>
</Connector>
<Connector class="oracle.dbtools.crest.swingui.logical.TVRelation" oid="68B1E457-F4EB-1988-0217-382BA903FC1C" otype="Relation" vid_source="C9F0BF7D-714A-D509-92CD-319C32362A12" vid_target="6CC7F7E1-4095-E167-D7DA-4D9818B55A50">
<hideElementsInCurrentOnly>false</hideElementsInCurrentOnly>
<backgroundColor>-16777216</backgroundColor>
<lineWidth>1</lineWidth>
<points>
<point x="326" y="226"/>
<point x="235" y="226"/>
</points>
</Connector>
<Connector class="oracle.dbtools.crest.swingui.logical.TVRelation" oid="7A046200-7378-6E14-F410-34E488764F8F" otype="Relation" vid_source="27BE957E-8FF1-C115-E6E3-F8B8294624F1" vid_target="C9F0BF7D-714A-D509-92CD-319C32362A12">
<hideElementsInCurrentOnly>false</hideElementsInCurrentOnly>
<backgroundColor>-16777216</backgroundColor>
<lineWidth>1</lineWidth>
<points>
<point x="556" y="197"/>
<point x="487" y="197"/>
</points>
</Connector>
<Connector class="oracle.dbtools.crest.swingui.logical.TVRelation" oid="7BDF9303-05C8-D6BE-B001-671CFEAD7257" otype="Relation" vid_source="27BE957E-8FF1-C115-E6E3-F8B8294624F1" vid_target="2D5AAB96-73C7-926D-284E-D498013D3BC9">
<hideElementsInCurrentOnly>false</hideElementsInCurrentOnly>
<backgroundColor>-16777216</backgroundColor>
<lineWidth>1</lineWidth>
<points>
<point x="556" y="137"/>
<point x="484" y="137"/>
</points>
</Connector>
<Connector class="oracle.dbtools.crest.swingui.logical.TVRelation" oid="AD822D0B-007F-104F-F41D-AE16C5655DFB" otype="Relation" vid_source="6CC7F7E1-4095-E167-D7DA-4D9818B55A50" vid_target="F8F4B460-460F-EAFA-D83F-9F9DE7C8984C">
<hideElementsInCurrentOnly>false</hideElementsInCurrentOnly>
<backgroundColor>-16777216</backgroundColor>
<lineWidth>1</lineWidth>
<points>
<point x="148" y="180"/>
<point x="148" y="134"/>
</points>
</Connector>
<Connector class="oracle.dbtools.crest.swingui.logical.TVRelation" oid="D45CD0F9-FFFA-AECD-E3D0-AEB53C294DF4" otype="Relation" vid_source="C9F0BF7D-714A-D509-92CD-319C32362A12" vid_target="C1AE1490-9383-1901-2919-5A17FD2C0580">
<hideElementsInCurrentOnly>false</hideElementsInCurrentOnly>
<backgroundColor>-16777216</backgroundColor>
<lineWidth>1</lineWidth>
<points>
<point x="465" y="268"/>
<point x="465" y="318"/>
</points>
</Connector>
</connectors>
</Diagram>