<?xml version = '1.0' encoding = 'UTF-8'?>
<FKIndexAssociation class="oracle.dbtools.crest.model.design.relational.FKIndexAssociation" directorySegmentName="seg_0" id="16C4C399-E4B8-E54B-09BE-AD5ECDEE046B" containerWithKeyObject="AC3B1AA7-C5E1-928A-07A4-FC05818ACE35" localFKIndex="8AE17CB6-9FBA-5DCC-046B-7C30A59B2B25" name="T_CULTURA_T_PLANTACAO_CULTURA_FK">
<createdBy>Admin</createdBy>
<createdTime>2025-04-22 19:56:46 UTC</createdTime>
<generatorID>7BDF9303-05C8-D6BE-B001-671CFEAD7257</generatorID>
<ownerDesignName>DER</ownerDesignName>
<referredTableLongName>T_PLANTACAO_CULTURA</referredTableLongName>
<deleteRule>NO ACTION</deleteRule>
<referredTableID>4694E562-36B3-FFA3-A691-C59A9421957E</referredTableID>
<keyObject>20990177-5360-980A-35A8-058EEBC08A63</keyObject>
<referredKeyID>20990177-5360-980A-35A8-058EEBC08A63</referredKeyID>
<mandatory>true</mandatory>
<refColNames>ID_PLATACAO_CULTURA</refColNames>
<transferable>true</transferable>
<rely>false</rely>
<columnDependencyConstraintGenerateInDDL>true</columnDependencyConstraintGenerateInDDL>
</FKIndexAssociation>