<?xml version = '1.0' encoding = 'UTF-8'?>
<FKIndexAssociation class="oracle.dbtools.crest.model.design.relational.FKIndexAssociation" directorySegmentName="seg_0" id="4C9CBAD7-BCEA-5611-CCE4-146486DDE326" containerWithKeyObject="D0C49405-9815-679E-8DE2-8412165E5644" localFKIndex="B936970C-FC63-85F8-6928-A51A9B6A801B" name="T_PLANTACAO_T_PLANTACAO_CULTURA_FK">
<createdBy>Admin</createdBy>
<createdTime>2025-04-22 19:56:46 UTC</createdTime>
<generatorID>7A046200-7378-6E14-F410-34E488764F8F</generatorID>
<ownerDesignName>DER</ownerDesignName>
<referredTableLongName>T_PLANTACAO_CULTURA</referredTableLongName>
<deleteRule>NO ACTION</deleteRule>
<referredTableID>4694E562-36B3-FFA3-A691-C59A9421957E</referredTableID>
<keyObject>20990177-5360-980A-35A8-058EEBC08A63</keyObject>
<referredKeyID>20990177-5360-980A-35A8-058EEBC08A63</referredKeyID>
<mandatory>true</mandatory>
<refColNames>ID_PLATACAO_CULTURA</refColNames>
<transferable>true</transferable>
<rely>false</rely>
<columnDependencyConstraintGenerateInDDL>true</columnDependencyConstraintGenerateInDDL>
</FKIndexAssociation>