<?xml version = '1.0' encoding = 'UTF-8'?>
<FKIndexAssociation class="oracle.dbtools.crest.model.design.relational.FKIndexAssociation" directorySegmentName="seg_0" id="894DBEC7-4485-440B-9DDF-3B63B59A5663" containerWithKeyObject="CEE112E9-1F4B-1146-3581-04C9C9DA93B7" localFKIndex="02642812-70B5-2D13-C825-BCC0BB5B059C" name="T_SENSOR_T_PLANTACAO_FK">
<createdBy>Admin</createdBy>
<createdTime>2025-04-22 19:56:46 UTC</createdTime>
<generatorID>68B1E457-F4EB-1988-0217-382BA903FC1C</generatorID>
<ownerDesignName>DER</ownerDesignName>
<referredTableLongName>T_PLANTACAO</referredTableLongName>
<deleteRule>NO ACTION</deleteRule>
<referredTableID>D0C49405-9815-679E-8DE2-8412165E5644</referredTableID>
<keyObject>67112240-B220-C632-1E2F-6DB7DFCA47A4</keyObject>
<referredKeyID>67112240-B220-C632-1E2F-6DB7DFCA47A4</referredKeyID>
<mandatory>true</mandatory>
<refColNames>ID_PLANTACAO</refColNames>
<transferable>true</transferable>
<rely>false</rely>
<columnDependencyConstraintGenerateInDDL>true</columnDependencyConstraintGenerateInDDL>
</FKIndexAssociation>