<?xml version = '1.0' encoding = 'UTF-8'?>
<FKIndexAssociation class="oracle.dbtools.crest.model.design.relational.FKIndexAssociation" directorySegmentName="seg_0" id="90FC1710-8D88-89CD-3ACE-9EDDD139F188" containerWithKeyObject="6A08F751-6871-207B-0CAB-03163A315B80" localFKIndex="3571C7F0-B819-1A1C-98DD-EE49AC849B04" name="T_LEITURA_SENSOR_T_SENSOR_FK">
<createdBy>Admin</createdBy>
<createdTime>2025-04-22 19:56:46 UTC</createdTime>
<generatorID>AD822D0B-007F-104F-F41D-AE16C5655DFB</generatorID>
<ownerDesignName>DER</ownerDesignName>
<referredTableLongName>T_SENSOR</referredTableLongName>
<deleteRule>NO ACTION</deleteRule>
<referredTableID>CEE112E9-1F4B-1146-3581-04C9C9DA93B7</referredTableID>
<keyObject>8E5B5D62-122E-5D12-607C-217B0D6DBAE6</keyObject>
<referredKeyID>8E5B5D62-122E-5D12-607C-217B0D6DBAE6</referredKeyID>
<mandatory>true</mandatory>
<refColNames>ID_SENSOR</refColNames>
<transferable>true</transferable>
<rely>false</rely>
<columnDependencyConstraintGenerateInDDL>true</columnDependencyConstraintGenerateInDDL>
</FKIndexAssociation>