<?xml version = '1.0' encoding = 'UTF-8'?>
<FKIndexAssociation class="oracle.dbtools.crest.model.design.relational.FKIndexAssociation" directorySegmentName="seg_0" id="932B83EF-B693-DFF7-5D25-655303DC7445" containerWithKeyObject="BED37D42-1161-1AA5-5B8D-C565A3589E68" localFKIndex="47967508-D16C-78AD-CB20-F5F612E8AA65" name="T_APLICACAO_NUTRIENTE_T_PLANTACAO_FK">
<createdBy>Admin</createdBy>
<createdTime>2025-04-22 19:56:46 UTC</createdTime>
<generatorID>D45CD0F9-FFFA-AECD-E3D0-AEB53C294DF4</generatorID>
<ownerDesignName>DER</ownerDesignName>
<referredTableLongName>T_PLANTACAO</referredTableLongName>
<deleteRule>NO ACTION</deleteRule>
<referredTableID>D0C49405-9815-679E-8DE2-8412165E5644</referredTableID>
<keyObject>67112240-B220-C632-1E2F-6DB7DFCA47A4</keyObject>
<referredKeyID>67112240-B220-C632-1E2F-6DB7DFCA47A4</referredKeyID>
<mandatory>true</mandatory>
<refColNames>ID_PLANTACAO</refColNames>
<transferable>true</transferable>
<rely>false</rely>
<columnDependencyConstraintGenerateInDDL>true</columnDependencyConstraintGenerateInDDL>
</FKIndexAssociation>