<?xml version = '1.0' encoding = 'UTF-8'?>
<FKIndexAssociation class="oracle.dbtools.crest.model.design.relational.FKIndexAssociation" directorySegmentName="seg_0" id="D47BF579-961F-4346-630C-111D7358E3FC" containerWithKeyObject="7295B280-4044-2466-FB78-B9FCAE58344D" localFKIndex="58367A4E-5C11-E858-FBD9-820B3DA8E0A3" name="T_APLICACAO_AGUA_T_PLANTACAO_FK">
<createdBy>Admin</createdBy>
<createdTime>2025-04-22 19:56:46 UTC</createdTime>
<generatorID>464B13A6-EB61-A337-FE60-9AC10529B6FB</generatorID>
<ownerDesignName>DER</ownerDesignName>
<referredTableLongName>T_PLANTACAO</referredTableLongName>
<deleteRule>NO ACTION</deleteRule>
<referredTableID>D0C49405-9815-679E-8DE2-8412165E5644</referredTableID>
<keyObject>67112240-B220-C632-1E2F-6DB7DFCA47A4</keyObject>
<referredKeyID>67112240-B220-C632-1E2F-6DB7DFCA47A4</referredKeyID>
<mandatory>true</mandatory>
<refColNames>ID_PLANTACAO</refColNames>
<transferable>true</transferable>
<rely>false</rely>
<columnDependencyConstraintGenerateInDDL>true</columnDependencyConstraintGenerateInDDL>
</FKIndexAssociation>