<?xml version = '1.0' encoding = 'UTF-8'?>
<Entity class="oracle.dbtools.crest.model.design.logical.Entity" directorySegmentName="seg_0" id="07FDEA01-568B-D4A9-A508-BFD61D427C34" name="T_LEITURA_SENSOR">
<createdBy>Admin</createdBy>
<createdTime>2025-04-22 19:36:30 UTC</createdTime>
<ownerDesignName>DER</ownerDesignName>
<engineerTo>
<item key="0DF24D4E-71C5-9339-B87A-671372EAB874" value="true"/>
</engineerTo>
<adequatelyNormalized>NO</adequatelyNormalized>
<expectedVolumes>0</expectedVolumes>
<fwdEngineeringStrategyName>Single Table</fwdEngineeringStrategyName>
<growthPercent>0</growthPercent>
<growthType>Year</growthType>
<maxVolumes>9999999</maxVolumes>
<minVolumes>0</minVolumes>
<normalForm>Third</normalForm>
<attributes itemClass="oracle.dbtools.crest.model.design.logical.Attribute">
<Attribute name="ID_LEITURA" id="EF3E6D6A-6068-FD84-F195-83EEA6FC60A2">
<createdBy>Admin</createdBy>
<createdTime>2025-04-22 19:36:58 UTC</createdTime>
<ownerDesignName>DER</ownerDesignName>
<engineerTo>
<item key="0DF24D4E-71C5-9339-B87A-671372EAB874" value="true"/>
</engineerTo>
<useDomainConstraints>false</useDomainConstraints>
<use>1</use>
<logicalDatatype>LOGDT011</logicalDatatype>
<ownDataTypeParameters>,,</ownDataTypeParameters>
</Attribute>
<Attribute name="DATA_HORA" id="AE1B698D-6143-7573-D312-6FE5E41CB39E">
<createdBy>Admin</createdBy>
<createdTime>2025-04-22 19:37:15 UTC</createdTime>
<ownerDesignName>DER</ownerDesignName>
<engineerTo>
<item key="0DF24D4E-71C5-9339-B87A-671372EAB874" value="true"/>
</engineerTo>
<useDomainConstraints>false</useDomainConstraints>
<use>1</use>
<logicalDatatype>91229484-D19C-D458-8647-333C7FFE7B60</logicalDatatype>
<ownDataTypeParameters>,,</ownDataTypeParameters>
</Attribute>
<Attribute name="VALOR" id="E6B133AE-ED86-A5F7-2042-3C583D70492F">
<createdBy>Admin</createdBy>
<createdTime>2025-04-22 19:37:54 UTC</createdTime>
<ownerDesignName>DER</ownerDesignName>
<engineerTo>
<item key="0DF24D4E-71C5-9339-B87A-671372EAB874" value="true"/>
</engineerTo>
<useDomainConstraints>false</useDomainConstraints>
<use>1</use>
<logicalDatatype>LOGDT024</logicalDatatype>
<dataTypeSize>30</dataTypeSize>
<ownDataTypeParameters>30,,</ownDataTypeParameters>
</Attribute>
<Attribute name="TIPO_NUTRIENTE" id="911FC450-8C1D-D589-0CAF-E1048C48B70F">
<createdBy>Admin</createdBy>
<createdTime>2025-04-22 19:38:33 UTC</createdTime>
<ownerDesignName>DER</ownerDesignName>
<engineerTo>
<item key="0DF24D4E-71C5-9339-B87A-671372EAB874" value="true"/>
</engineerTo>
<nullsAllowed>true</nullsAllowed>
<useDomainConstraints>false</useDomainConstraints>
<use>1</use>
<logicalDatatype>LOGDT024</logicalDatatype>
<dataTypeSize>30</dataTypeSize>
<ownDataTypeParameters>30,,</ownDataTypeParameters>
</Attribute>
<Attribute name="ID_SENSOR" id="0C63A08A-4680-0C07-533E-6BA232AC2F6F">
<createdBy>Admin</createdBy>
<createdTime>2025-04-22 19:53:34 UTC</createdTime>
<generatorID>AD822D0B-007F-104F-F41D-AE16C5655DFB</generatorID>
<ownerDesignName>DER</ownerDesignName>
<engineerTo>
<item key="0DF24D4E-71C5-9339-B87A-671372EAB874" value="true"/>
</engineerTo>
<referedAttribute>878ABA1B-CF12-5D7E-D652-050C369EA9B6</referedAttribute>
<useDomainConstraints>false</useDomainConstraints>
<use>1</use>
<logicalDatatype>LOGDT011</logicalDatatype>
<ownDataTypeParameters>,,</ownDataTypeParameters>
</Attribute>
</attributes>
<identifiers itemClass="oracle.dbtools.crest.model.design.logical.CandidateKey">
<identifier id="1D75C2F1-B5B9-6515-F7DD-AFC3C282647E" name="T_LEITURA_SENSOR PK">
<createdBy>Admin</createdBy>
<createdTime>2025-04-22 19:37:19 UTC</createdTime>
<ownerDesignName>DER</ownerDesignName>
<engineerTo>
<item key="0DF24D4E-71C5-9339-B87A-671372EAB874" value="true"/>
</engineerTo>
<pk>true</pk>
<usedAttributes>
<attributeRef>EF3E6D6A-6068-FD84-F195-83EEA6FC60A2</attributeRef>
</usedAttributes>
</identifier>
</identifiers>
</Entity>