<?xml version = '1.0' encoding = 'UTF-8'?>
<Entity class="oracle.dbtools.crest.model.design.logical.Entity" directorySegmentName="seg_0" id="14CF54BA-0CD9-9C61-6F39-B514125EEAF2" name="T_PLANTACAO">
<createdBy>Admin</createdBy>
<createdTime>2025-04-22 19:13:47 UTC</createdTime>
<ownerDesignName>DER</ownerDesignName>
<engineerTo>
<item key="0DF24D4E-71C5-9339-B87A-671372EAB874" value="true"/>
</engineerTo>
<adequatelyNormalized>NO</adequatelyNormalized>
<expectedVolumes>0</expectedVolumes>
<fwdEngineeringStrategyName>Single Table</fwdEngineeringStrategyName>
<growthPercent>0</growthPercent>
<growthType>Year</growthType>
<maxVolumes>9999999</maxVolumes>
<minVolumes>0</minVolumes>
<normalForm>Third</normalForm>
<attributes itemClass="oracle.dbtools.crest.model.design.logical.Attribute">
<Attribute name="ID_PLANTACAO" id="C2A2A911-6260-1337-25F8-A8781D27731F">
<createdBy>Admin</createdBy>
<createdTime>2025-04-22 19:14:09 UTC</createdTime>
<ownerDesignName>DER</ownerDesignName>
<engineerTo>
<item key="0DF24D4E-71C5-9339-B87A-671372EAB874" value="true"/>
</engineerTo>
<useDomainConstraints>false</useDomainConstraints>
<use>1</use>
<logicalDatatype>LOGDT011</logicalDatatype>
<ownDataTypeParameters>,,</ownDataTypeParameters>
</Attribute>
<Attribute name="NOME_PLANTACAO" id="A4A27E71-3C19-5B18-AE03-FF620939A2D7">
<createdBy>Admin</createdBy>
<createdTime>2025-04-22 19:15:02 UTC</createdTime>
<ownerDesignName>DER</ownerDesignName>
<engineerTo>
<item key="0DF24D4E-71C5-9339-B87A-671372EAB874" value="true"/>
</engineerTo>
<useDomainConstraints>false</useDomainConstraints>
<use>1</use>
<logicalDatatype>LOGDT024</logicalDatatype>
<dataTypeSize>50</dataTypeSize>
<ownDataTypeParameters>50,,</ownDataTypeParameters>
</Attribute>
<Attribute name="LOCALIZACAO" id="9A89FD52-38C9-9A90-EFD2-9CE5B3E7EF9D">
<createdBy>Admin</createdBy>
<createdTime>2025-04-22 19:15:29 UTC</createdTime>
<ownerDesignName>DER</ownerDesignName>
<engineerTo>
<item key="0DF24D4E-71C5-9339-B87A-671372EAB874" value="true"/>
</engineerTo>
<useDomainConstraints>false</useDomainConstraints>
<use>1</use>
<logicalDatatype>LOGDT024</logicalDatatype>
<dataTypeSize>30</dataTypeSize>
<ownDataTypeParameters>30,,</ownDataTypeParameters>
</Attribute>
<Attribute name="TAMANHO_HECTARES" id="CF47337B-821F-7EA7-2D8A-F75B4A9F84E5">
<createdBy>Admin</createdBy>
<createdTime>2025-04-22 19:16:22 UTC</createdTime>
<ownerDesignName>DER</ownerDesignName>
<engineerTo>
<item key="0DF24D4E-71C5-9339-B87A-671372EAB874" value="true"/>
</engineerTo>
<useDomainConstraints>false</useDomainConstraints>
<use>1</use>
<logicalDatatype>LOGDT019</logicalDatatype>
<ownDataTypeParameters>,,</ownDataTypeParameters>
</Attribute>
<Attribute name="ID_PLATACAO_CULTURA" id="799FF6BC-F491-8C3B-3B49-6784992B2E70">
<createdBy>Admin</createdBy>
<createdTime>2025-04-22 19:47:47 UTC</createdTime>
<generatorID>7A046200-7378-6E14-F410-34E488764F8F</generatorID>
<ownerDesignName>DER</ownerDesignName>
<engineerTo>
<item key="0DF24D4E-71C5-9339-B87A-671372EAB874" value="true"/>
</engineerTo>
<referedAttribute>35D66DEB-1C40-189A-73C2-5CD5A4C64E17</referedAttribute>
<useDomainConstraints>false</useDomainConstraints>
<use>1</use>
<logicalDatatype>LOGDT011</logicalDatatype>
<ownDataTypeParameters>,,</ownDataTypeParameters>
</Attribute>
</attributes>
<identifiers itemClass="oracle.dbtools.crest.model.design.logical.CandidateKey">
<identifier id="6AA0990D-DABC-EC89-6496-0497910CD4BC" name="T_PLANTACAO PK">
<createdBy>Admin</createdBy>
<createdTime>2025-04-22 19:14:56 UTC</createdTime>
<ownerDesignName>DER</ownerDesignName>
<engineerTo>
<item key="0DF24D4E-71C5-9339-B87A-671372EAB874" value="true"/>
</engineerTo>
<pk>true</pk>
<usedAttributes>
<attributeRef>C2A2A911-6260-1337-25F8-A8781D27731F</attributeRef>
</usedAttributes>
</identifier>
</identifiers>
</Entity>