<?xml version = '1.0' encoding = 'UTF-8'?>
<Entity class="oracle.dbtools.crest.model.design.logical.Entity" directorySegmentName="seg_0" id="411A1234-9ADD-6974-734F-F9EED31BDBCB" name="T_APLICACAO_NUTRIENTE">
<createdBy>Admin</createdBy>
<createdTime>2025-04-22 19:25:47 UTC</createdTime>
<ownerDesignName>DER</ownerDesignName>
<engineerTo>
<item key="0DF24D4E-71C5-9339-B87A-671372EAB874" value="true"/>
</engineerTo>
<adequatelyNormalized>NO</adequatelyNormalized>
<expectedVolumes>0</expectedVolumes>
<fwdEngineeringStrategyName>Single Table</fwdEngineeringStrategyName>
<growthPercent>0</growthPercent>
<growthType>Year</growthType>
<maxVolumes>9999999</maxVolumes>
<minVolumes>0</minVolumes>
<normalForm>Third</normalForm>
<attributes itemClass="oracle.dbtools.crest.model.design.logical.Attribute">
<Attribute name="ID_APLICACAO_NUTRIENTE" id="0DD83884-3E77-9D1D-9C64-86D439F8F3A3">
<createdBy>Admin</createdBy>
<createdTime>2025-04-22 19:26:11 UTC</createdTime>
<ownerDesignName>DER</ownerDesignName>
<engineerTo>
<item key="0DF24D4E-71C5-9339-B87A-671372EAB874" value="true"/>
</engineerTo>
<useDomainConstraints>false</useDomainConstraints>
<use>1</use>
<logicalDatatype>LOGDT011</logicalDatatype>
<ownDataTypeParameters>,,</ownDataTypeParameters>
</Attribute>
<Attribute name="DATA_HORA" id="6E530D21-5C15-A708-2F9B-4624B3680544">
<createdBy>Admin</createdBy>
<createdTime>2025-04-22 19:26:41 UTC</createdTime>
<ownerDesignName>DER</ownerDesignName>
<engineerTo>
<item key="0DF24D4E-71C5-9339-B87A-671372EAB874" value="true"/>
</engineerTo>
<useDomainConstraints>false</useDomainConstraints>
<use>1</use>
<logicalDatatype>91229484-D19C-D458-8647-333C7FFE7B60</logicalDatatype>
<ownDataTypeParameters>,,</ownDataTypeParameters>
</Attribute>
<Attribute name="TIPO_NUTRIENTE" id="70DF3206-DB9C-5630-2E88-0CD76E0CBE59">
<createdBy>Admin</createdBy>
<createdTime>2025-04-22 19:27:09 UTC</createdTime>
<ownerDesignName>DER</ownerDesignName>
<engineerTo>
<item key="0DF24D4E-71C5-9339-B87A-671372EAB874" value="true"/>
</engineerTo>
<useDomainConstraints>false</useDomainConstraints>
<use>1</use>
<logicalDatatype>LOGDT024</logicalDatatype>
<dataTypeSize>30</dataTypeSize>
<ownDataTypeParameters>30,,</ownDataTypeParameters>
</Attribute>
<Attribute name="QUANTIDADE" id="9210C8B9-68BE-7FC4-2E5F-2A9B4019C844">
<createdBy>Admin</createdBy>
<createdTime>2025-04-22 19:32:21 UTC</createdTime>
<ownerDesignName>DER</ownerDesignName>
<engineerTo>
<item key="0DF24D4E-71C5-9339-B87A-671372EAB874" value="true"/>
</engineerTo>
<useDomainConstraints>false</useDomainConstraints>
<use>1</use>
<logicalDatatype>LOGDT019</logicalDatatype>
<ownDataTypeParameters>,,</ownDataTypeParameters>
</Attribute>
<Attribute name="ID_PLANTACAO" id="1AD04B6E-3E89-E4D3-3BBA-0EFDAC9E59B2">
<createdBy>Admin</createdBy>
<createdTime>2025-04-22 19:52:50 UTC</createdTime>
<generatorID>D45CD0F9-FFFA-AECD-E3D0-AEB53C294DF4</generatorID>
<ownerDesignName>DER</ownerDesignName>
<engineerTo>
<item key="0DF24D4E-71C5-9339-B87A-671372EAB874" value="true"/>
</engineerTo>
<referedAttribute>C2A2A911-6260-1337-25F8-A8781D27731F</referedAttribute>
<useDomainConstraints>false</useDomainConstraints>
<use>1</use>
<logicalDatatype>LOGDT011</logicalDatatype>
<ownDataTypeParameters>,,</ownDataTypeParameters>
</Attribute>
</attributes>
<identifiers itemClass="oracle.dbtools.crest.model.design.logical.CandidateKey">
<identifier id="E650D5B7-F683-8CB7-813E-313E41C21E32" name="T_APLICACAO_NUTRIENTE PK">
<createdBy>Admin</createdBy>
<createdTime>2025-04-22 19:32:46 UTC</createdTime>
<ownerDesignName>DER</ownerDesignName>
<engineerTo>
<item key="0DF24D4E-71C5-9339-B87A-671372EAB874" value="true"/>
</engineerTo>
<pk>true</pk>
<usedAttributes>
<attributeRef>0DD83884-3E77-9D1D-9C64-86D439F8F3A3</attributeRef>
</usedAttributes>
</identifier>
</identifiers>
</Entity>