<?xml version = '1.0' encoding = 'UTF-8'?>
<Entity class="oracle.dbtools.crest.model.design.logical.Entity" directorySegmentName="seg_0" id="4DA4E259-6ED3-A5C4-69CB-C7A9DC50A062" name="T_PLANTACAO_CULTURA">
<createdBy>Admin</createdBy>
<createdTime>2025-04-22 19:20:35 UTC</createdTime>
<ownerDesignName>DER</ownerDesignName>
<engineerTo>
<item key="0DF24D4E-71C5-9339-B87A-671372EAB874" value="true"/>
</engineerTo>
<adequatelyNormalized>NO</adequatelyNormalized>
<expectedVolumes>0</expectedVolumes>
<fwdEngineeringStrategyName>Single Table</fwdEngineeringStrategyName>
<growthPercent>0</growthPercent>
<growthType>Year</growthType>
<maxVolumes>9999999</maxVolumes>
<minVolumes>0</minVolumes>
<normalForm>Third</normalForm>
<attributes itemClass="oracle.dbtools.crest.model.design.logical.Attribute">
<Attribute name="ID_PLATACAO_CULTURA" id="35D66DEB-1C40-189A-73C2-5CD5A4C64E17">
<createdBy>Admin</createdBy>
<createdTime>2025-04-22 19:21:10 UTC</createdTime>
<ownerDesignName>DER</ownerDesignName>
<engineerTo>
<item key="0DF24D4E-71C5-9339-B87A-671372EAB874" value="true"/>
</engineerTo>
<useDomainConstraints>false</useDomainConstraints>
<use>1</use>
<logicalDatatype>LOGDT011</logicalDatatype>
<ownDataTypeParameters>,,</ownDataTypeParameters>
</Attribute>
<Attribute name="DATA_INICIO" id="E8B665D4-AE18-5505-D607-093B06503DC6">
<createdBy>Admin</createdBy>
<createdTime>2025-04-22 19:21:35 UTC</createdTime>
<ownerDesignName>DER</ownerDesignName>
<engineerTo>
<item key="0DF24D4E-71C5-9339-B87A-671372EAB874" value="true"/>
</engineerTo>
<useDomainConstraints>false</useDomainConstraints>
<use>1</use>
<logicalDatatype>91229484-D19C-D458-8647-333C7FFE7B60</logicalDatatype>
<ownDataTypeParameters>,,</ownDataTypeParameters>
</Attribute>
<Attribute name="DATA_FIM" id="0E9295DF-F3CC-E2A3-96BD-EA7338A9CCF8">
<createdBy>Admin</createdBy>
<createdTime>2025-04-22 19:22:03 UTC</createdTime>
<ownerDesignName>DER</ownerDesignName>
<engineerTo>
<item key="0DF24D4E-71C5-9339-B87A-671372EAB874" value="true"/>
</engineerTo>
<useDomainConstraints>false</useDomainConstraints>
<use>1</use>
<logicalDatatype>91229484-D19C-D458-8647-333C7FFE7B60</logicalDatatype>
<ownDataTypeParameters>,,</ownDataTypeParameters>
</Attribute>
</attributes>
<identifiers itemClass="oracle.dbtools.crest.model.design.logical.CandidateKey">
<identifier id="77EA1DC5-2D53-1D68-B81D-261D1DDB0EFE" name="T_PLANTACAO_CULTURA PK">
<createdBy>Admin</createdBy>
<createdTime>2025-04-22 19:21:32 UTC</createdTime>
<ownerDesignName>DER</ownerDesignName>
<engineerTo>
<item key="0DF24D4E-71C5-9339-B87A-671372EAB874" value="true"/>
</engineerTo>
<pk>true</pk>
<usedAttributes>
<attributeRef>35D66DEB-1C40-189A-73C2-5CD5A4C64E17</attributeRef>
</usedAttributes>
</identifier>
</identifiers>
</Entity>