<?xml version = '1.0' encoding = 'UTF-8'?>
<Entity class="oracle.dbtools.crest.model.design.logical.Entity" directorySegmentName="seg_0" id="583D09DF-F9D0-ED32-68C8-C881AF51385C" name="T_APLICACAO_AGUA">
<createdBy>Admin</createdBy>
<createdTime>2025-04-22 19:22:34 UTC</createdTime>
<ownerDesignName>DER</ownerDesignName>
<engineerTo>
<item key="0DF24D4E-71C5-9339-B87A-671372EAB874" value="true"/>
</engineerTo>
<adequatelyNormalized>NO</adequatelyNormalized>
<expectedVolumes>0</expectedVolumes>
<fwdEngineeringStrategyName>Single Table</fwdEngineeringStrategyName>
<growthPercent>0</growthPercent>
<growthType>Year</growthType>
<maxVolumes>9999999</maxVolumes>
<minVolumes>0</minVolumes>
<normalForm>Third</normalForm>
<attributes itemClass="oracle.dbtools.crest.model.design.logical.Attribute">
<Attribute name="ID_APLICACAO_AGUA" id="CB57E66F-65F2-3AAA-3165-0DB45681D734">
<createdBy>Admin</createdBy>
<createdTime>2025-04-22 19:22:58 UTC</createdTime>
<ownerDesignName>DER</ownerDesignName>
<engineerTo>
<item key="0DF24D4E-71C5-9339-B87A-671372EAB874" value="true"/>
</engineerTo>
<useDomainConstraints>false</useDomainConstraints>
<use>1</use>
<logicalDatatype>LOGDT011</logicalDatatype>
<ownDataTypeParameters>,,</ownDataTypeParameters>
</Attribute>
<Attribute name="DATA_HORA" id="D98E0163-D36D-2AF4-86CF-46E3BA1D05AA">
<createdBy>Admin</createdBy>
<createdTime>2025-04-22 19:23:18 UTC</createdTime>
<ownerDesignName>DER</ownerDesignName>
<engineerTo>
<item key="0DF24D4E-71C5-9339-B87A-671372EAB874" value="true"/>
</engineerTo>
<useDomainConstraints>false</useDomainConstraints>
<use>1</use>
<logicalDatatype>91229484-D19C-D458-8647-333C7FFE7B60</logicalDatatype>
<ownDataTypeParameters>,,</ownDataTypeParameters>
</Attribute>
<Attribute name="QUANTIDADE_LITROS" id="672B6458-7438-1160-AE87-110A892BEAC3">
<createdBy>Admin</createdBy>
<createdTime>2025-04-22 19:23:39 UTC</createdTime>
<ownerDesignName>DER</ownerDesignName>
<engineerTo>
<item key="0DF24D4E-71C5-9339-B87A-671372EAB874" value="true"/>
</engineerTo>
<useDomainConstraints>false</useDomainConstraints>
<use>1</use>
<logicalDatatype>LOGDT019</logicalDatatype>
<ownDataTypeParameters>,,</ownDataTypeParameters>
</Attribute>
<Attribute name="ID_PLANTACAO" id="8F489B99-EE4B-AB93-CDA7-884769A18A47">
<createdBy>Admin</createdBy>
<createdTime>2025-04-22 19:52:34 UTC</createdTime>
<generatorID>464B13A6-EB61-A337-FE60-9AC10529B6FB</generatorID>
<ownerDesignName>DER</ownerDesignName>
<engineerTo>
<item key="0DF24D4E-71C5-9339-B87A-671372EAB874" value="true"/>
</engineerTo>
<referedAttribute>C2A2A911-6260-1337-25F8-A8781D27731F</referedAttribute>
<useDomainConstraints>false</useDomainConstraints>
<use>1</use>
<logicalDatatype>LOGDT011</logicalDatatype>
<ownDataTypeParameters>,,</ownDataTypeParameters>
</Attribute>
</attributes>
<identifiers itemClass="oracle.dbtools.crest.model.design.logical.CandidateKey">
<identifier id="77B8839A-8F6D-AE2C-EFCB-0A78F1A4A849" name="T_APLICACAO_AGUA PK">
<createdBy>Admin</createdBy>
<createdTime>2025-04-22 19:23:16 UTC</createdTime>
<ownerDesignName>DER</ownerDesignName>
<engineerTo>
<item key="0DF24D4E-71C5-9339-B87A-671372EAB874" value="true"/>
</engineerTo>
<pk>true</pk>
<usedAttributes>
<attributeRef>CB57E66F-65F2-3AAA-3165-0DB45681D734</attributeRef>
</usedAttributes>
</identifier>
</identifiers>
</Entity>