<?xml version = '1.0' encoding = 'UTF-8'?>
<Entity class="oracle.dbtools.crest.model.design.logical.Entity" directorySegmentName="seg_0" id="89DA0E57-49A7-8828-AECD-4F40F11F5BC6" name="T_CULTURA">
<createdBy>Admin</createdBy>
<createdTime>2025-04-22 19:17:32 UTC</createdTime>
<ownerDesignName>DER</ownerDesignName>
<engineerTo>
<item key="0DF24D4E-71C5-9339-B87A-671372EAB874" value="true"/>
</engineerTo>
<adequatelyNormalized>NO</adequatelyNormalized>
<expectedVolumes>0</expectedVolumes>
<fwdEngineeringStrategyName>Single Table</fwdEngineeringStrategyName>
<growthPercent>0</growthPercent>
<growthType>Year</growthType>
<maxVolumes>9999999</maxVolumes>
<minVolumes>0</minVolumes>
<normalForm>Third</normalForm>
<attributes itemClass="oracle.dbtools.crest.model.design.logical.Attribute">
<Attribute name="ID_CULTURA" id="CA702979-D0E2-3173-C972-B8B2556B762B">
<createdBy>Admin</createdBy>
<createdTime>2025-04-22 19:18:03 UTC</createdTime>
<ownerDesignName>DER</ownerDesignName>
<engineerTo>
<item key="0DF24D4E-71C5-9339-B87A-671372EAB874" value="true"/>
</engineerTo>
<useDomainConstraints>false</useDomainConstraints>
<use>1</use>
<logicalDatatype>LOGDT011</logicalDatatype>
<ownDataTypeParameters>,,</ownDataTypeParameters>
</Attribute>
<Attribute name="NOME_CULTURA" id="FF214630-5F83-6B48-AFD0-2DFE10A138A2">
<createdBy>Admin</createdBy>
<createdTime>2025-04-22 19:18:23 UTC</createdTime>
<ownerDesignName>DER</ownerDesignName>
<engineerTo>
<item key="0DF24D4E-71C5-9339-B87A-671372EAB874" value="true"/>
</engineerTo>
<useDomainConstraints>false</useDomainConstraints>
<use>1</use>
<logicalDatatype>LOGDT024</logicalDatatype>
<dataTypeSize>50</dataTypeSize>
<ownDataTypeParameters>50,,</ownDataTypeParameters>
</Attribute>
<Attribute name="TIPO_CULTURA" id="EB067C60-3D3C-2587-949A-35AF955F50B9">
<createdBy>Admin</createdBy>
<createdTime>2025-04-22 19:19:18 UTC</createdTime>
<ownerDesignName>DER</ownerDesignName>
<engineerTo>
<item key="0DF24D4E-71C5-9339-B87A-671372EAB874" value="true"/>
</engineerTo>
<useDomainConstraints>false</useDomainConstraints>
<use>1</use>
<logicalDatatype>LOGDT024</logicalDatatype>
<dataTypeSize>30</dataTypeSize>
<ownDataTypeParameters>30,,</ownDataTypeParameters>
</Attribute>
<Attribute name="ESTACAO_PLANTIO" id="9E3AA984-4EED-16FE-0353-4E3E32C3DC05">
<createdBy>Admin</createdBy>
<createdTime>2025-04-22 19:19:34 UTC</createdTime>
<ownerDesignName>DER</ownerDesignName>
<engineerTo>
<item key="0DF24D4E-71C5-9339-B87A-671372EAB874" value="true"/>
</engineerTo>
<useDomainConstraints>false</useDomainConstraints>
<use>1</use>
<logicalDatatype>LOGDT024</logicalDatatype>
<dataTypeSize>30</dataTypeSize>
<ownDataTypeParameters>30,,</ownDataTypeParameters>
</Attribute>
<Attribute name="ID_PLATACAO_CULTURA" id="7AE9024B-C2B3-D3C5-E84C-810BA927BC0F">
<createdBy>Admin</createdBy>
<createdTime>2025-04-22 19:49:25 UTC</createdTime>
<generatorID>7BDF9303-05C8-D6BE-B001-671CFEAD7257</generatorID>
<ownerDesignName>DER</ownerDesignName>
<engineerTo>
<item key="0DF24D4E-71C5-9339-B87A-671372EAB874" value="true"/>
</engineerTo>
<referedAttribute>35D66DEB-1C40-189A-73C2-5CD5A4C64E17</referedAttribute>
<useDomainConstraints>false</useDomainConstraints>
<use>1</use>
<logicalDatatype>LOGDT011</logicalDatatype>
<ownDataTypeParameters>,,</ownDataTypeParameters>
</Attribute>
</attributes>
<identifiers itemClass="oracle.dbtools.crest.model.design.logical.CandidateKey">
<identifier id="E5D520D1-96B7-01CB-9DAA-E3DF9A9BA155" name="T_CULTURA PK">
<createdBy>Admin</createdBy>
<createdTime>2025-04-22 19:18:21 UTC</createdTime>
<ownerDesignName>DER</ownerDesignName>
<engineerTo>
<item key="0DF24D4E-71C5-9339-B87A-671372EAB874" value="true"/>
</engineerTo>
<pk>true</pk>
<usedAttributes>
<attributeRef>CA702979-D0E2-3173-C972-B8B2556B762B</attributeRef>
</usedAttributes>
</identifier>
</identifiers>
</Entity>